Livres,No Copies
"1, 2, 3, 4 pattes",26
"1,2,3 banquise",25
"1,2,3 petits chats qui savaient compter jusqu'à 3",3
"1,2,3,Gym !",26
"1,2,3,partons !",46
"1,2,3… comptines",11
10 contes d'Afrique,27
10 contes de fantômes,37
10 contes de Turquie,47
10 nouvelles fantastiques,7
10 petits doigts,40
10 p'tits pingouins,40
10 tableaux et un ballon rouge,9
100 merveilleuses histoires du Père Castor,41
100 poèmes du monde pour les enfants,8
100 poèmes pour les enfants de 3 à 6 ans,3
101 poèmes pour les petits,49
"12 histoires de liberté, égalité, fraternité",27
13 contes et récits d'Halloween,23
14 contes de Russie,29
17 contes d'Algérie,19
17 récits de pirates et de corsaires,40
19 fables de renard,3
1er c'est canard (le),6
2 Bleu,49
2 petites mains et 2 petits pieds,37
20 contes des pourquoi,30
202 contes de Nasreddin Hodja,45
23 récits et légendes de vikings,13
27 poules sur un mur,26
3 contes cruels,32
3 petites culottes,43
31 boîtes,48
365 contes des pourquoi et des comment,47
365 contes en ville,32
365 pingouins,38
4 saisons de Loup (Les),35
40 petits contes,17
50 ans de littérature pour la jeunesse,2
60 poésies et comptines,30
66 haïkus,10
800 histoires drôles,21
9 contes de Grimm,45
999 têtards,34
A (le),9
A bit lost,10
A calicochon,5
A chacun ses affaires,1
A cheval sur la lune,6
"A la lettre, un alphabet poétique",13
A la pêche à la sardine,16
A la volette,18
A l'aube du buisson,30
A l'étranger,29
A l'intérieur des méchants,44
A l'ombre de l'olivier,42
A l'ombre du flamboyant,9
A moitié,34
A mots croisés,27
A mots gourmands,32
A poèmes ouverts,31
A quai,11
A qui est ce vélo ?,36
A quoi rêvent les vaches ?,4
À quoi sert la neige ?,19
A table,40
A tout petits pas,49
"A trois, on a moins froid",34
Aagun,39
ABC bestiaire,5
ABC bêtes,39
ABCD,17
Abécédaire des émotions (l'),22
"Aboie, Georges !",44
Abominable Monsieur Schteuple (l'),23
Abou-az-Zoulouf et le loup,24
Abracadanoir,20
Abris,23
Achile et la rivière,4
"Ada, la grincheuse en tutu",40
Adélaïde,1
"Adéwi Komé, la nuit",4
Adieu Chaussette,1
Adieu croquettes ! Adieu caresses !,14
Adultes ne font jamais ça (les),34
Affaires de Monsieur le Chat (Les),2
Afrique de Zigomar (l'),41
"Afrique, petit Chaka…(l')",24
Agneau qui ne voulait pas être un mouton (l'),24
Ah !,23
Ah ! Ernesto,22
Ah ! Quelle soupe les amis !,43
"Aïko, la jeune fille à l'éventail",42
Air de fête,38
Akiko la courageuse,21
Akiko la curieuse,35
Akiko l'amoureuse,43
"Akli, prince du désert",5
Alboum,14
"Album, que fais-tu, que dis-tu ?",12
"Album, une littérature pour tous les publics (L')",39
Albums,22
"Aldo, un garçon tout en finesse",24
Alice au pays des merveilles,36
Alice la culbute,16
Alice sourit,3
Aller-retour,25
Alors ?,31
"Alors, ça mord ?",49
Alouette,21
"Alpahabêtise, alphabêta",33
Alpha bestiaire (L’),9
Alphabet,7
Alphabet fou (l'),26
Alphabêtisier (L’),14
Alumette,20
Amanda chocolat,31
"Amani, faiseur de pluie",48
Amants papillons (Les),6
Amélie la souris,35
Ami ! Ami ?,48
Ami du petit tyrannosaure (l'),11
Ami-ami,9
"Amour, Beauté et Crottes de nez",44
"Amour, impératif et pistolet",38
Amoureux du palais de glace (les),8
Amoureux grave,17
Amoureux sont trop bêtes (les),40
Ane et la vache (l'),42
Ane invisible (l'),36
Ane K'hal à la télévision (l'),47
Ange de Grand-Père (l'),32
Ange disparu (l'),20
Ange ou démon,16
Animal domestique d'Hermès Quichon (l'),43
Animalimages,43
Animaux d'Afrique (les),23
Animaux de l'herbier (les),41
Anisia,31
Anna et le gorille,41
Anna qui chante,41
Anne Fine,12
Anneau de jade (l'),33
Annie du lac,5
Anniversaire (l'),26
Anniversaire de Monsieur Guillaume (l'),44
Anthologie de poésie arabe contemporaine,46
Anthony Browne,50
Anthony Browne,10
"Anthony Browne, histoires d'une œuvre",2
Anticontes de fées,20
Anti-livre de lecture (l'),29
Anton est magicien,47
Anton et la feuille,49
Anton et les filles,29
Anton et les rabat-joie,6
Aoulout,28
Apprendre à lire : échec à l'échec,1
Apprenti loup (l'),14
Après-midi d'une fée (l'),28
Aquarium,33
Araignée qui ne perd pas son temps (l'),42
Arbre (l'),24
Arbre à miel (l'),43
Arbre de paix (l'),39
Arbre généreux (l'),3
Arbre mime le vent pour plaire à ses feuilles (l’),19
Arbre qui pense (l'),1
Arbre sans fin (l'),6
"Arbre, le loir et les oiseaux (l')",42
Archiviste du vent,46
Arcimboldo,9
Armand chez les Passimpas,36
Art à la loupe (l'),26
Article 309 du code pénal du jardin,5
Artista que pinto un caballo azul (el),4
Arts primitifs entrée libre,27
Ascenseur pour le futur,3
Au commencement,45
Au dodo dis donc,6
Au feu Petit Pierre,9
Au jardin,23
Au Jardin des plantes,26
Au lit dans 10 minutes !,26
Au lit tout le monde !,42
"Au lit, petit monstre !",43
Au panier !,22
Au pays du Jabouti,7
Au petit bonheur la chance,3
Au revoir !,35
Au revoir blaireau,9
"Au revoir, Papa",34
Au secours des Zulus-Papous,26
"Au secours, voilà le loup !",7
Auberge de Nulle Part (l'),26
Aucassin et Nicolette,15
Au-delà de moi,38
Aujourd'hui je suis…,8
Aujourd'hui je t'aime,19
Aujourd'hui on va…,27
Auteurs et illustrateurs dans la cité,6
Auto-stoppeur (l'),46
Autre (l'),49
Autre Monsieur Paul (l'),19
Aux commencements,44
Aux marches du palais,25
Aux petits enfants les grands livres,12
"Avale, Léonardichon !",34
Avaleur de bobos (l'),49
Avant d'être un bébé,34
Avant la télé,17
"Avec Jeanne Ashbé, nourrissons les bébés",27
Avec le temps,48
Avec quelques briques,38
Avec trois brins de laine,43
Aventures de la petite souris (les),18
Aventures de Lester (les),11
Aventures de Renart le goupil (les),43
Aventures de Tom Pouce (les),37
Aventures de Tom Sawyer (les),5
Aventures d'une petite bulle rouge (les),17
Azur et Asmar,35
Baboon,23
Babouches d'Abou Kassem (les),3
Bagdan et la louve aux yeux d'or,28
Baguette magique de Pélagie (la),36
Bain d'Abel (le),4
Bal des sorcières (le),39
Balaabilou,33
Ballade de Cornebique (la),11
Ballade de Kiki le coq et Cucue la poule (la),18
Ballade de Mulan (la),6
Ballade en tête,6
Balthazar !,44
Banquise blues,12
Banzaï Sakura,11
Barbe-bleue (la),35
Bateau de Monsieur Zougloglou (le),31
Bateau de Monsieur Zougloglou (le),50
Bateau la terre (le),18
Bateau sur l'eau,11
Bateau vert (le),16
Bazar bizarre,1
Béatrice Smajda,34
Beau et bon,14
Beau ver dodu (le),45
Beaucoup de beaux bébés,35
Bébé bonbon (le),38
"Bébé lézard, bébé bizarre",9
Bébert l'escargot,28
Bébés Chouettes,6
Belle et la Bête (la),18
Belle lisse poire du prince de Motordu (la),29
Belles histoires du Père Castor (les),20
Bergère qui mangeait ses moutons (la),26
Bête comme ses pieds,36
Bête de mon jardin (la),18
Bêtes curieuses (les),40
Bêtes noires ont bon dos (les),7
Bibi,35
Bidou,11
Bientôt,10
Bienvenue,29
Bienvenus,13
Big bang pop !,3
Bigarreaux noirs (les),22
Bili-Bili,35
Bille d'Idriss (la),17
Billy se bile,37
Bison (le),17
Bizardos (les),32
Bizarre… bizarre,23
Blaise dompteur de tache,45
Blaise et la tempétueuse bouchée,8
Blaise et le château d'Anne Hiversère,2
Blaise et le robinet,1
Blanc sur noir,18
Blanche Neige,33
Blancheneige,47
Bloub bloub bloub,38
Bou et les trois zours,45
Boubou et grand-père,20
Bouche cousue,28
Bouche pleine (la),21
Boucle d'or,12
Boucle d'or et les trois ours,41
Boucle d'or et les trois ours,21
Boucle d'ours,46
Bouh !,25
Bracelet de cristal (le),10
Bravo !,18
Brica da brac !,27
Bric-à-Brac,35
Brigitte Smadja,41
"Brigitte, la brebis qui n'avait peur de rien",42
Brindille,1
Bronto mégalo saure,41
Brouille (la),28
Broutille,32
"Brown bear, brown bear, what do you see ?",17
Bruits,48
Buffle et l’Oiseau (le),6
Bureau des papas perdus (le),29
Bus de Rosa (le),29
Bus en goguette,27
Butinages,36
Buveur de pluie (le),35
C P Ça veut dire quoi ?,36
Ça dépend,8
Ça fait peur !,10
Ça fait rire les poètes,4
Ca pourrait être pire,34
Ça se peut ou ça se peut pas ?,26
Ça va mieux !,49
Ça va pas la tête,23
Caca boudin,1
Caché !,20
Cache-cache dans la jungle !,46
Cache-cache dans la jungle !,48
Cache-cache des grosses bêtes,33
Cache-cache des petites bêtes,23
Cache-cache fantômes,20
Cadeau (le),10
Cadeau oublié (le),28
Cafard (le),21
Cahiers du CRILJ,17
Caillou (le),28
"Caïman, le chasseur et le lièvre (le)",49
"Calamity Jane, l'indomptable",15
Calamity Jeanne,46
Calder Fishbones,42
Câline-mi et Câline-moi,48
Calinours va faire les courses,9
Cambouis,36
Caméléon arc-en-ciel (le),28
Caméléon méli-mélo (le),1
Canard fermier (le),34
Capitaine,47
Caprices ? C'est fini !,34
Caravane (la),17
Caresse du papillon (la),48
Carnaval des dragons (le),43
Carnavalphabet,17
Carton rouge,9
Catsou,9
Cauchemar (le),36
Cauchemar de Gaëtan Quichon (le),39
Cavaliers de mars (les),25
Ce livre est rempli de monstres,19
Ce livre-là,46
Ce matin,45
Ce n'est pas mon chapeau,17
Ce n'est pas très compliqué,44
Ce n'est pas une bonne idée,34
Ce que j'aime faire,10
Ce que le vieux fait est bien fait,34
Ce que lisent les animaux,15
Ce qui serait bien,25
Ce type est un vautour,10
Ceci est un poème qui guérit les poissons,26
Ceci est un poème qui guérit les poissons,24
Cendrillon,30
Cendrillon au musée,41
Cent bêtes pour ceux qui s'embêtent,31
Cerf-volant de Toshiro (le),45
Ces livres qui font grandir les enfants,38
Ces livres qui font grandir les enfants,1
Ces livres qui font grandir les enfants,36
César,4
C'est à moi !,27
C'est bien ! C'est affreux !,23
C'est bien la moindre des choses,2
C'est chic !,8
C'est dingue,17
C'est l'histoire,10
C'est l'histoire du poisson bavard,37
C'est l'histoire d'un éléphant,19
C'est l'histoire d'un hippopotame,35
C'est l'histoire d'une grenouille,27
C'est ma maison,28
C'est moi le plus beau,30
C'est moi le plus fort,50
C'est moi le roi !,28
C'est mon arbre,31
C'est pas juste !,41
C'est pas ma faute,28
C'est pour qui ?,23
"C'est quoi, la mort ?",39
C'est ta faute !,48
C'est un jardin,40
C'est un livre,33
Cette belle dame,13
Cette nuit-là,50
Ceux qui n'aiment pas lire,10
Chachatatutu et le phénix (le),27
Chaise bleue (la),9
Chaises (les),13
Chaises (les),22
Chanson de l'hippocampe et autres poèmes,37
Chant du sorcier (le),8
Chant des baleines (le),14
Chant des lunes (le),27
Chapeau (le),1
Chapeau à secrets (le),38
Chapeau rond rouge,15
Chapeau volant (le),1
"Chaperon rouge, collection privée",2
Charlepogne et Poilenfrac,4
Charles à l'école des dragons,28
Charles prisonnier du cyclope,39
Chasse à l'ours (la),29
Chat,50
Chat (le),33
Chat botté (le),9
Chat Botté (le),20
Chat chapeauté (le),33
Chat le plus mignon du monde (le),25
Chat machin (le),25
Chat noir chat blanc,26
Chat noir et autres contes fantastiques (Le),7
Chat pas moi !,37
Chat trop gourmand et le perroquet (le),44
Chat ventru (le),12
Château de cartes,44
Château de sable (le),42
Châteaux forts (les),50
Chaussures neuves (les),10
Chauve souris (la),49
Chauve-souris (la),12
Chavola (la),33
Chedid (le),36
Chemin qui ne mène nulle part (le),38
Chenille qui fait des trous (la),20
Chenille qui fait des trous (la),4
Cher Père Noël,33
Cherche amis,49
Cherchons loup sachant lire,22
Chère madame ma grand-mère,24
Chère Mamie,2
Chers Maman et Papa,11
Cheval de craie (le),47
Chèvre biscornue (la),3
Chèvres aux yeux doux (les),24
Chez les ours,50
Chez moi,42
Chez un père crocodile,25
Chhht !,11
Chhht !,27
Chien bleu,8
Chien et le chat (le),42
Chien qui voulait être chat (le),15
Chien-chien à sa Mémère (le),3
Chirurgien,12
Choco,13
Chouette (la),33
Chut !,47
"Chut, on a un plan",13
Chuuut !,26
Cinq amis,18
Cinq dans le lit,4
Cinq Malfoutus (les),11
Cinq petits doigts,10
Cinq sens (les),16
Citrons !,19
Claire et l'oiseleur,5
Clarinha,25
Claude Ponti,14
Clé à molette (la),19
Clé des contes (la),31
Clown,24
Coâ encore!,25
Coccinelle mal lunée,22
Cochon magique (le),32
Coco bagarre,20
Coco Panache,44
Cocotte qui tiptaptope (la),20
Cocotte tricote,28
Code de la route (le),22
Code de l'art (le),14
Cœur de bois,43
Cœur de hibou,10
Cœur de pierre,50
Coffre enchanté (le),23
Combat des Cerfs-volants (le),46
Comme chaque matin,47
Comme des sardines,20
Comme mon père me l'a appris,16
Comme si j'avais peur,15
Comme un géant,50
Comme un sourire qui flotte,10
Comment ça va ?,13
Comment élever son papa,40
Comment élever un Raymond ?,33
Comment j'ai appris la Géographie,18
Comment j'ai connu Papa,32
Comment le rhinocéros se fit la peau,8
Comment lire un livre ?,45
Comment rallumer un dragon éteint ?,32
Comment tout a commencé,34
Comment tu dors ?,2
Comment un livre vient au monde,37
Complot de Mortefeuille (le),45
Compte sur tes doigts !,10
Comptine,37
Comptine des perroquets (la),47
Comptines à la ferme,17
Comptines à la recherche du loup,40
Comptines au long des rues,20
Comptines de la nuit,16
Comptines en trompe l'œil,25
Comptines françaises,46
Comptines pour bébé,38
Comptines pour la gourmandise,31
Comptines pour le père Noël,44
Comptines pour nasiller comme un canard,47
Comptines pour ne pas bredouiller,15
Comptines pour que les consonnes sonnent,10
Comptines pour que les voyelles s'emmêlent,38
Comptines pour se régaler,2
Conte de fée,23
Conte en bibliothèque (le),41
Conte n°1,24
Contes,24
Contes,24
Contes à croquer,9
Contes au petit frère,31
Contes d'Afrique pour les tout-petits,6
Contes d'Andersen,26
Contes d'Asie,34
Contes de Berbérie,19
Contes de chevaux,18
Contes de l’olivier,36
Contes de la Folie Méricourt,31
Contes de la rue Broca,12
Contes de Provence,4
Contes de Russie,18
Contes de Russie,47
Contes des calligraphes et des sultans,14
Contes des indiens des Chiapas,27
Contes des mille et une nuits,25
Contes des mille et une nuits,43
Contes des peuples de Chine,10
Contes d'Orient,10
Contes du bout du monde,2
Contes du Brésil,33
Contes du cimetière (les),29
Contes du Maghreb,34
Contes d'un roi pas si sage,26
Contes et fables d'Afrique,16
Contes et légendes de la mythologie,23
Contes et musiques d'Afrique,35
Contes et mythes des Maasaï,22
Contes glacés,7
Contes magiques du monde entier,1
Contes pour enfants pas sages,38
Contes traditionnels de Provence,24
"Conti, conta, comptines",34
Coq mange-noix (le),41
Cornebidouille,24
Cornebidouille contre Cornebidouille,24
Corolles,24
Côté cœur,26
"Couché, Papa !",15
Coucou !,21
"Coucou ! C'est moi, Turlututu",12
Coucou Coco,4
"Coucou, c'est moi",14
"Coucou, qui se cache ?",37
"Coucou, tu me vois ?",19
Couleur de la nuit (la),36
Couleurs,29
Couleurs à sensation,25
Couleurs couleurs,22
Couleurs florilège,10
"Couleurs, lumières et reflets",1
Coup de foudre,29
Coup de gigot,34
Coupeur de mots (le),16
Cour couleurs (la),39
Courageux petit tailleur (le),12
Cours !,6
Course (la),41
Course (la),21
Course épique,29
Crapaud et la clef des eaux,49
Cri (le),7
Crictor,4
Crime caramels,23
Crime de Cornin Bouchon (le),48
Croc-Blanc,14
Crocodébile,42
Crocodile (le),10
Crocodile crocodile,26
Crocolion (le),39
Cromignon,10
Croque Lapin (le),11
Croqueurs de mots (les),18
Cuisine de nuit,2
Culotte du loup (la),10
Cultiver,28
Cygnes sauvages (les),34
Dame Hiver,3
Danger : enfants pas sages,38
Dans,1
Dans 3500 mercredis,27
Dans combien de temps je serai grand ?,35
Dans la boîte,14
Dans la forêt du paresseux,1
Dans la forêt profonde,15
Dans la jungle amazonienne,33
Dans la lune,33
Dans la maison de poupée,26
Dans la petite maison verte,25
Dans la poche de ma maman,21
Dans la poche ma maman,40
Dans la pomme,49
Dans le ciel il y a…,15
Dans le détail,34
Dans le gant,3
Dans le livre,44
Dans le ventre de la terre,18
Dans le ventre du cheval de Troie,23
Dans le ventre du poisson,3
Dans les nuages,40
Dans les yeux d'Angel,22
Dans ma maison,7
Dans ma maison…,43
Dans Paris,22
Dans Paris il y a...,14
Danse de la pluie (la),37
Danse d'hiver (la),4
"Danse, petite lune !",5
"Dauphins, princes de la mer",17
De la petite taupe qui voulait savoir…,16
De la terre et du ciel,43
De la terrible et magnifique histoire...,5
De l'autre côté du mur,33
De quelle couleur ?,4
De quelle couleur est le vent ?,25
De quelques albums…,35
De tout mon cœur,41
Déclaration (la),44
Dedans dehors,36
Défilé (le),47
Dégoûtant !,21
Déjeuner de la petite ogresse (le),19
Déjeuner des loups (le),31
Déjeuner des loups (le),40
Délivrez-moi !,14
Delphinium contre le Dentignac (le),47
Denis fifty-fifty,28
Dent (la),41
Dentriste (la),42
Derrière la poussette,35
"Des bébés, des livres",23
Des couleurs et des choses,18
Des enfants se rencontrent par la poésie,43
Des étoiles sur les genoux,19
Des hauts et des bas,47
Des images et des mots,41
Des livres d'enfants à la littérature de...,47
Des livres d'images pour tous les âges,15
Des livres d'images pour tous les âges,32
Des milliards d'étoiles,45
Des mots plein les poches,25
Des nouvelles de mon chat,17
Des papas et des mamans,12
Des petits riens au goût de citron,3
Des poux dans ma téci,24
Des sourires et des pommes,44
Des vagues,23
Déserteur (le),41
Désirs des animaux (les),44
Dessine-moi une lettre,37
Détournements de contes (Les),49
Deux arbres (les),5
Deux familles pour Lulu,5
Deux goinfres (les),34
Deux grains de grenade,25
Deux gredins (les),6
Deux grenouilles,9
Deux mains pour le dire,47
Deux maisons (les),22
Deux oursons (les),45
Deux petits chiens,7
Deux vies de Taro (les),12
Devant chez moi,29
Devant ma maison,14
Devine,8
Devine,47
Devine combien je t'aime,35
Devine qui fait quoi,11
Devinettes en petits morceaux,8
Devinettes et caramboles,41
Diakhere,49
Diamant du sultan (le),29
Dictature des petites couettes (la),38
Dictionnaire des sorcières,10
Didgeridoo,44
Ding dang dong,35
Dinosaures (les),10
"Dinosaures, dinosaures",43
Din'roa la vaillante,16
Dis-moi si tu m'aimes,42
Dis-moi un poème qui espère,17
Disparition (la),19
Disparition (la),15
Dix minutes à perdre,16
Dix petites graines,21
Dix petits harengs (les),49
Dix petits tanks s'en vont en guerre,6
Docteur Henri est débordé !,44
"Docteur, j'en ai peur ! (le)",13
"Dodo, la marmotte qui ne voulait pas dormir",44
Doigts rouges (les),41
Dormez-vous ?,34
Dou et son doudou,18
D'où viens-tu Petit-Sabre ?,25
Doudou de Tiloulou,21
Doudou méchant (le),41
Doux rêveurs,24
Douze malices du hérisson,48
Douze manteaux de Maman (les),15
Douze mois pour rire,20
Douze princesses (les),14
"Dragon bleu, dragon jaune",14
Dragon de Cracovie (le),44
Dragon vole,47
Dragons de Nalsara (les). Le troisième œuf,15
Drôle de cadeau,36
Drôle de Kâ,27
Drôle de maladie de Petit Bonhomme (la),32
Drôle de nuit,11
Drôle de pizza,24
Drôle d'œuf,37
Du bruit sous mon lit,11
Du côté des frères Grimm…,21
Du sel sur la langue,24
Du soir au matin… jusqu'au soir,28
Du temps,28
Duel au soleil,29
D'une île à l'autre,29
D'une rive à l'autre,20
D'une rive à l'autre,7
Duracuire (les),47
Eau (L'),49
Echelle de magicien,14
Ecole du soir (l'),2
Ecole est en feu (l'),30
Ecole qui n'existait pas (l'),30
Ecureuil de Kiko (l'),41
Edouard et Armand,40
Edouard et Armand. A la plage.,49
Edouardo le terrible,28
Edwina l'émeu,12
Electrico 28,5
Eléphant blanc (l'),45
Eléphant d'eau,29
Eléphants,6
Eliott et Nestor,19
Elle a dit non !,10
Elmer,23
Eloge de la lecture,16
Embrassez-moi !,1
Emile,46
Emile est invisible,27
Empereur et le cerf-volant (l'),30
En attendant maman,11
"En avant, petit train !",8
En poème ce monde,39
En rires,9
En t'attendant,34
En toutes circonstances,5
En voiture,32
Encore des histoires minute,12
Encore des questions ?,24
Encore un coquelicot,17
Encore un peu de Zuza ?,21
Encore un peu de Zuza ?,29
Encore une fois !,1
"Encore une histoire, maman !",4
Encyclopédie des gens qu'on connaît pas,12
Enfance de l'art (l'),49
Enfant de la lune rouge (l'),39
Enfant d'éléphant (l'),21
Enfant et la baleine (l'),22
Enfant qui défia le tigre (l'),44
Enfant qui retrouva le sourire (l'),19
Enfant qu'on envoie se coucher (l'),48
"Enfant, le renne et le loup (l')",48
Enfantines,15
Enfants de la lune et du soleil (les),22
Engins (les),50
Enigmes,40
Ennemi (l'),17
Enquêtes de l'inspecteur Ratichou (les),14
Envolée,41
Ephémère,2
Ephémère (l'),25
Epinards (les),13
Eric et le pipeau magique,48
Ernest et Célestine au cirque,33
Ernest et Célestine chez le photographe,49
Ernest et Célestine ont perdu Siméon,43
"Ernest, maître du monde",48
Escales en littérature de jeunesse,30
Escapade à la cour des Miracles,8
Escargot et l'éléphant (l'),45
Escargots sont des héros (les),47
Esquimau,28
Est-ce que tu m'aimeras encore ?,22
Et après…,42
Et le loup mangea la princesse,13
Et le matin…,30
Et le petit dit,26
Et le soir...,16
Et l'homme rit !,44
Et l'on chercha tortue,37
Et moi dans tout ça ?,24
Et Picasso peint Guernica,11
Et pit et pat à quatre pattes,3
Et pourquoi ?,28
Et si jamais…?,36
"Et toi, où habites-tu ?",35
Et voilà le travail,31
Eté de Garmann (l'),13
Etoile d'Erika (l'),33
Evasion de Kamo (l'),24
Eventail diabolique (l'),49
Exactement le contraire,22
Exercices de style,49
Extraordinaire voyage du chat de Mossoul (l'),6
Fables,29
Fabuleux désastre d'Harold Snipperpott,10
Fabuleux fablier (le),11
Fabuleux farfelus vont au travail (les),14
Fabuleux voyage du bateau-cerf (le),48
Faim de loup,48
Fait pour ça,24
Faites la queue !,30
Famille (la),27
Famille Citron (la),28
Famille Souris et le potiron (la),32
Famille totem 1 (la),8
Fantôme à la main rouge (le),21
Farceurs (les),33
Faut toujours pas confondre,23
Fée Coquillette aime les histoires d'amour (la),22
Fée sorcière (la),41
Fées du camping (les),49
Félix le chien,15
Félix Têtedeveau,15
Femme du potier (la),49
Femme panthère (la),12
Fenêtre (la),29
Ferme (la),45
Ferme les yeux,17
Ferme touche-touche (la),12
Fête de l'aigle (la),34
Feuileton d'Hermès (le),25
Fil à fil,29
Fil de soie (le),47
Fille de l'ogre (la),35
Fille des batailles (la),41
Fille qui aimait les chevaux sauvages (la),12
Fillettes et Gros Alligator,12
Fils de Victor qui pète (le),39
Fils du soleil,7
Fleur-de-cactus et Castor-Têtu,28
Fleuve (le),13
Flic flac scratch boum,32
Flix,20
Flon-flon et Musette,26
Flûte enchantée (la),49
Flûte prodigieuse (la),22
Folle journée de Nasreddin Hodja (la),28
Fontaine des gazelles (la),16
Forban magnifique (le),41
Forêt de Cœur-Bouliki (la),33
Forêt des grands (la),26
Foufours a peur du noir,18
Fourmi,23
Fourmi (la),5
Fourmi et le loup (la),4
Fous d'oliviers (les),25
Français est un poème qui voyage (le),35
Françoise et le petit diable,20
Frédéric,13
Frères Moustaches (les),10
Frigo vide,39
Fruits,21
Futékati : le concours de natation,40
Galette à l'escampette (la),38
Galette et la grande ourse (la),13
Gamine et son roi,45
Garçon du phare (le),19
Garçon qui ne connaissait pas la peur (le),3
Gardien de l'arbre (le),48
Gaston grognon,44
Gâteau de lune,40
Gâteau perché tout là-haut (le),34
Géant,10
Géant de Zéralda (le),38
"Géant, es-tu là ?",6
Gégé et les moutons,13
Gégé et les moutons,46
Génie du pousse-pousse (le),6
Gens d'Autour du feu (les),17
Gentil facteur (le),15
Gentil petit diable (le),27
Georges et son Ombre,24
Girafe de la lune (la),17
Globe (le),36
Globiboulga,41
Gloups ! J'ai avalé Cornebidouille !,33
Gontran le loup gourmand,9
Grain de riz (le),25
Grain magique (le),40
Graine de grenade,40
Graine en couleurs (la),7
Graine et l'oiseau (la),29
Graines de cabanes,39
Grammaire en fête,17
Grammaire est une chanson douce (la),15
Grand Blanc,41
Grand corbeau,21
Grand dessin (le),12
Grand et petit,6
Grand imagier de l'art (le),32
Grand livre de la bagarre (le),20
Grand livre du jeune citoyen (le),35
Grand livre vert (le),14
Grand Loup et Petit Loup,46
Grand Loup et Petit Loup. La petite feuille,11
Grand Loup et Petit Loup. Une si belle orange,19
Grand match (le),16
Grand méchant catalogue des loups (le),42
Grand N'importe Quoi (le),8
Grand serpent (le),43
Grand sommeil (le),27
Grand sommeil et petits lits,23
Grand voyage de Mademoiselle Prudence (le),26
Grande aventure du petit magicien (la),32
Grande famille (la),17
Grande fête dans la jungle (la),7
Grande Flore,44
Grande méchante Lou (la),42
Grande question (la),48
Grande Rivière (la),9
Grande vague (la),12
Grand-mère arrose la lune,20
"Grand-mère Loup, y es-tu ?",41
Grand-Pa,4
Grands explorateurs (les),15
Grenouille à grosse bouche (la),19
Gribouille en vadrouille,23
Gronouyot,27
Gros chagrin,2
Gros goûter (le),40
Gros mensonge (le),48
Gros mot de Lili Bobo (le),1
Gros mots (les),30
Gros navet (le),26
Grosse bête de Monsieur Racine (la),46
Grosse colère,50
Grosse faim de P'tit Bonhomme (la),8
Grosse grève (la),35
Grosse pomme et autres contes de gourmandise (la),18
Grotte sacrée (la),3
Guerre (la),35
Guerre des mots (la),42
"Guide de lecture ""aimer lire""",10
Guili Lapin,6
Guillaume et la couronne du cousin Edouard,42
Guillaume l'apprenti sorcier,17
Guillevic,7
Gulliver,37
Habits neufs du roi (les),29
"Haïku, mon nounours",34
Haïti mon pays,13
Hans le balourd,34
Hansel et Gretel,14
Hansel et Gretel,47
Hareng saur (le),36
Haut les mains !,23
"Helena, Ivan et les oies",14
Henry et la liberté,1
Hercule et l'hydre de Lerne,39
Héros de la mythologie grecque,37
Heure bleue,31
Heure de la lune (l'),13
Heure du bisou (l'),12
Heure rouge (l'),41
Heure vide (l'),29
Heureusement,49
Heu-reux,20
Hibou chez les nounours,23
"Hier, je t'ai…",14
Histoire de Babar,36
Histoire d'Edouard,26
Histoire des livres pour enfants,29
Histoire des trois oiseaux (l'),28
Histoire du bonbon (l'),28
Histoire du Grand Méchant Poulet,43
Histoire du renard qui n'avait plus toute sa tête (l'),33
Histoire sans fin des Mafous et des Ratafous (l'),30
Histoires au téléphone,33
Histoires d'ailleurs et de jamais,22
Histoires d'amour,49
Histoires de géants et de cyclopes,21
Histoires de Huey (les),39
Histoires de Marcel (les),30
Histoires d'ours,44
Histoires du soir autour du monde,46
Histoires du soir autour du monde,44
Histoires du soir pour filles rebelles,35
Histoires minutes,7
Histoires pressées,14
"Hiver long, très long (Et froid, très froid)",48
Homme à l'oreille coupée (l'),15
Homme de couleur !,15
Homme qui allumait les étoiles (l'),14
Homme qui ne possédait rien (l'),26
Hommes en sucre (les),24
Horloger de l'aube (l'),30
Horrible petite princesse (l'),46
Hôtel Bellevue,29
Huit saisons et des poussières,42
Hulul,25
Icare et les conquérants du ciel,20
Igor et les trois petits cochons,48
Il était 2 fois dans l'Ouest,29
Il était un petit navire,23
Il était une chaise,37
Il était une fois,24
Il était une fois un roi et une rei…,17
Il fait nuit,19
Il faudra,32
Il faut délivrer Gaspard !,11
Il faut savoir dire non,47
Il faut une fleur,49
Il l'a fait,50
Il me rend chèvre,3
Il ne faut pas faire pipi sur son ombre,19
Il ne faut pas habiller les animaux,21
Il neige !,10
Il pleut des poèmes,48
Il y a des heures qui durent longtemps,31
Il y a le monde,37
Il y a quelqu'un sous mon lit,38
Il y a un cauchemar dans le grenier,35
Il y a un cauchemar dans mon placard,31
Il y avait une fois,5
Ile de Ti Jean (l'),31
Ile du Monstril (l'),17
Illustrer les livres pour enfants,34
Ils arrivent !,29
Images des livres pour la jeunesse,22
Imagier caché,30
Imagier d'Afrique,20
Imagier des saisons,14
Imagier Français Arabe (l'),22
Imagier mouvementé,8
Imagier pour jouer,27
Imagier toc-toc (l'),41
Imagine,21
Impressionnisme entrée libre,45
Incroyable histoire de Jemmy Button (l'),40
Insectes de mon jardin (les),45
Introduction à la littérature de jeunesse,32
Inuk est amoureux,49
Inventions complètement inventées,39
Invitation (l'),23
Iota la vache,40
Iris des abysses,29
Isidor Suzor,30
Itak et la baleine,3
Ita-Rose,42
Jaffabules,11
J'ai adopté un crocodile,16
J'ai grandi ici,43
J'ai le droit d'être un enfant,15
J'ai mangé mon ami,26
J'ai oublié ma poésie,50
J'ai pas dit partez,26
J'ai tué mon prof !,44
J'aime la galette,23
J'aime les livres,34
"J'aime, j'aime pas",24
J'aimerais te dire,3
Jamais,48
Jamais content,41
Jamais de la vie,14
Jardin de poèmes enfantins,6
Jardin des papillons (le),22
Jardin du dedans-dehors (le),28
J'arrive !,38
Jason et la Toison d'or,27
Jaune,49
Java martienne (la),45
Je cherche un livre pour un enfant,26
Je cherche un livre pour un enfant (8-16 ans),15
Je ferai des miracles,25
"Je l'attends, je l'attends",47
Je mangerais bien un enfant,34
Je m'habille et je me couche,13
Je m'habille et… je te croque,37
Je ne dors jamais,28
Je ne m'appelle pas Bernard !,8
Je ne peux pas m'habiller,2
Je ne suis pas comme les autres,10
Je ne suis pas une souris,32
Je ne suis plus un bébé,11
"Je ne te crains plus, Alycia !",19
Je redessinerai le ciel bleu dans tes yeux,40
"Je rêve le monde, assis sur un vieux crocodile",33
Je suis amoureux d'un tigre,1
Je suis né tigre,21
Je suis revenu,40
Je suis un amour,44
Je suis un enfant de partout,33
Je suis un lion,1
Je t’aime tous les jours,33
Je t'aime,26
Je t'aime du bout du monde,50
"Je t'aime, je t'aime, je t'aime",46
Je te croquerai,30
Je te hais,12
Je veux être une maman… tout de suite,34
Je veux gagner,27
Je veux grandir,8
Je veux ma photo dans le journal,21
Je veux mon chapeau,2
Je veux qu'on m'aime,48
Je veux un cocodrile !,9
Je veux voir la mer,7
Je veux voler,38
Je vous aime,3
Je vous aime tant,37
Je vous écris comme je vous aime,2
Jean de la Lune,30
Jean Petit qui danse,31
"Jean Tardieu, un poète",16
Jean Toutou et Marie Pompon,39
Jeanne et Jean,49
Jemeil et Jamla,7
J'en rêvais depuis longtemps,24
Jérôme par cœur,31
Jeu de cette famille (le),49
Jeu de piste à Volubilis,12
Jeune fille muette (la),48
Jeune homme et l'étoile (le),4
"Jo, le très vilain petit canard",28
Joanie et l'avion qui vole,19
J'observe le cirque,11
J'observe les grottes,34
Joé le lapin rêvé,45
"John Brown, Rose et le chat de minuit",15
John Chatterton détective,32
Jojo la mâche,4
"Jojo, oiseau de nuit",34
Joker,17
Jolie petite princesse (la),36
Jolie Plume et le secret du vent,49
Jolis contes de Perrault,36
Joseph avait un petit manteau,18
Jouer aux fantômes,1
Jouer avec les poètes,44
Jouets des champs,7
Joueur de luth enchanté (le),38
Jour de pluie,9
Jour du mange-poussin (le),27
Jour et la nuit tout autour (le),34
Jour où j'ai déménagé (le),16
Jour où la mer a disparu (le),32
Jour où le grand chêne est tombé (le),49
Journal de Boub (le),17
Journal d'un chat assassin,28
"Jours, les mois et les saisons (les)",33
Jujube,18
"Jules, le chevalier agaçant",42
Jungle,2
Jungle Blues,2
Jupes s'étourdissent (les),37
Jusqu'en haut,20
Kalila et Dimna,32
Kangourou d'Ooz (le),28
Kibwé,40
Kidnapping au village des crottes de nez,25
Kipper,8
Kirikou et la hyène noire,33
Kirikou et la sorcière,12
Kirikou et le buffle aux cornes d'or,14
"Kouaba, le village en sursis",27
Koulkoul et Molokoloch,34
Là-bas,3
Laisse rouge (la),26
Laissez-moi tranquille...,31
Lancelot du Lac,22
Langage des contes (le),34
Lapin loucheur (le),21
Lapin mon lapin,27
"Lapin, la nuit et la boîte à biscuits (le)",49
Lapins savent compter (les),48
Lariette et Catimini,29
Larmes (les),20
Larmes de crocodile (les),40
Laurent tout seul,16
Légende des gâteaux du Têt (la),18
Légende du cerf volant (la),40
Légende du Chien Noir (la),38
Légendes de la mythologie,7
Légendes des lacs et rivières,24
Léger comme un flocon,14
Leo,27
Léo Corbeau et Gaspard Renard,18
Léo et…,46
"Léopold, chien de divan",35
Lettres à mon cher petit frère qui n'est pas encore né,47
Lettres d'amour de 0 à 10,18
Leurs mains,49
Libellule,30
Liberté Nounours,43
Licorne (la),24
"Lieux de passage, lieux de rêve",16
Lila et…,2
Lilas,44
Lilas,13
Lili Plume,31
Lion et la souris (le),31
Lion qui avait mauvaise haleine (le),20
Lions ne mangent pas de croquettes (les),33
Lire avec les tout-petits,19
Lire Claude Ponti encore et encore,15
Lire des livres à des bébés,31
Lire et choisir ses albums,17
Lire l'album,40
"Lire, est-ce bien sérieux ?",25
Liste des fournitures (la),9
Litli,41
Littérature de jeunesse a-t-elle bon goût ? (La),3
"Littérature de jeunesse, itinéraires... (la)",45
"Littérature de jeunesse, une littérature de son temps (la)",31
Littérature du grand large,17
Little Lou,40
Little man,28
Liu Chan et la carpe sacrée,38
Liu et l'oiseau,9
Livre abominable (le),33
Livre de la lézarde (le),2
Livre de Petit Ours (le),16
"Livre des ""c'est pas moi"" (le)",36
Livre des djinns (le),34
Livre des géants ingénus (le),44
Livre des j'aime (le),46
Livre des moi (le),23
Livre des petits pourquoi (le),17
Livre des peut-être (le),35
Livre des Si (le),14
Livre des terres imaginées (le),43
Livre du printemps (le),8
Livres en forme de pop-up et Cie,22
"Livres, c'est bon pour les bébés (les)",41
Lo - Fou,19
Longtemps,9
Lou Pilouface. Panique dans le bayou,49
Lou pour toujours,22
Louba M'ba,48
Loukoum à la pistache (le),4
Loulou,39
Loulou à l'école des loups,18
Loup,42
Loup (le),37
Loup d'Albert (le),28
Loup du Louvre (le),1
Loup est revenu (le),2
Loup et la colombe (le),34
Loup et la petite fille (le),21
Loup et le chevreau (le),8
Loup et les sept chevreaux (le),1
Loup gris,19
Loup gris et la mouche,8
Loup noir,46
Loup qui voulait être un mouton (le),22
Loup sentimental (le),7
Loup vert (le),28
Loup y es-tu ?,27
"Loup, la chèvre et les sept chevreaux (le)",8
"Loup, loup, y es-tu ?",42
Loupé !,19
Luchien,33
Lucy,26
Lumières d'enfance,11
Lundi,9
Lundja. Contes du Maghreb,12
Lune et l'autre,42
Lune n'est lune que pour le chat,50
Luthier de Venise (le),5
M comme Matisse,21
Ma balle perdue,35
Ma culotte,15
Ma grand mère est une catastrophe,8
Ma grand-mère,44
Ma grand-mère en container,37
Ma grand-mère est tête en l'air,29
Ma grand-mère m'a mordu,17
Ma jungle,21
Ma Lou adorée,49
Ma maison bleue,46
Ma mère,3
Ma mère est maire,13
Ma nouvelle boîte à histoires,30
Ma pelle,28
Ma petite chambre,15
Ma sœur et moi,45
Ma Sœur-Etoile,31
Ma tata Thérèse,13
Ma voisine est amoureuse,6
Machin (le),13
Machin chouette,34
Machin Truc Chouette,6
Madame Cerise et le trésor des pies,8
Madame Hortense,19
Madame la poule,17
Madame le lapin blanc,1
Mademoiselle Sauve qui peut,3
Mademoiselle Zazie veut un bébé,31
Maélo,36
Magasin de mon père (le),34
Magasin zinzin,28
Magicien des couleurs (le),49
Main de la sorcière (la),30
Mains de Papa (les),47
Maintenant que tu sais,50
Mais il est où ce Gros Matou ?,3
Mais je suis un ours !,28
Mais que lisent-ils ?,26
Mais qui a craché sur la maison du hérisson ?,48
Maison (la),45
Maison dans la nuit (la),36
Maison dans les bois (la),42
Maison de Couci-couça (la),33
Maison de Lalla Chama,28
Maison de Madame M. (la),41
Maison des bisous (la),24
Maison du poète (la),16
Maisons des animaux (les),27
Maître de tout (le),34
Maître des brumes,36
Mal élevés,25
Malala,27
"Mama miti, la mère des arbres",9
Maman,10
Maman de la maman de mon papa (la),43
Maman Ours,30
Maman Quichon se fâche,6
Maman Robot,25
"Maman, c'est toi ?",27
Maman-dlo,26
Mamie m'a dit que son amie Yvette…,4
Mamie Marie,45
Mamie voyage,38
Mamouchka et le coussin aux nuages,13
Mam'zelle,34
Mandarine cherche son papa,28
"Mandela, l'Africain multicolore",46
Manège de Petit Pierre (le),15
Manège de Petit Pierre (le),18
"Mange, mon ange !",11
Mangetout et Maigrelet,2
Manteau rouge (le),22
Marcel et Hugo,46
Marcel et le nuage,34
Marcel la mauviette,36
Marcel le champion,39
Marcel le magicien,27
Marcel le rêveur,11
Marchand de bisous (le),48
Marchand de fessées (le),20
Marchand de sable n'a plus de sable (le),14
Marche le monde,30
Marche ou rêve,13
Mare aux aveux (la),4
Mari de la mante religieuse a disparu (le),4
Mariage de Pucette (le),4
Mariama,40
Marie Desplechin,23
Marie-Aude Murail,44
Mario Ramos,1
Marlaguette,49
Marmite pleine d'or (la),26
"Martin et Rosa, ensemble pour l'égalité",2
Masque (le),15
Masque (le),43
Masque de brumes (le),22
Masque de la Montagne blanche (le),3
Matelas magique (le),29
Mathieu,43
Maths à la petite semaine,25
Matilda,19
Matisse,27
Maudit troll !,44
Maudite soit la guerre,17
Mauvais jars (Le),6
Mauvais perdants (les),32
Max et les maximonstres,33
Max et les poissons,22
Maximagier,19
"Mayra, enfant de Bolivie",7
Méchant Méchant,11
"Méchants, des personnages… (les)",49
Meilleur livre... (le),28
Meilleures histoires de rois et de princesses,24
Mékeskispasse ?,31
Mélange-moi,19
Méli-Mélo,34
Méli-mélo,4
Méli-mélo à la ferme,40
Méli-mélo de mots,42
Mélodie des tuyaux (la),30
Mémé de ma Mémé (la),17
Même les princesses doivent aller à l'école,22
Même les princesses pètent,39
Même pas peur !,43
Même pas peur de la Sorcière,6
Même pas peur du loup,19
Même pas peur du noir,25
"Même pas peur, César !",11
Memo 657,20
"Menu, menu",26
Mer bleue,38
Mer et lui (la),41
Merci,3
Merci Papa !,29
"Merci, le vent",50
Mercredi,27
Merveilleux voyage de Nils Holgerson (le),43
Mes 10 premiers tableaux,42
Mes animaux,31
Mes premières charades,3
Mes souliers rouges,27
Métamorfoses,2
Métamorphoses (les),21
Métier de Papa (le),25
Meunier tu dors,22
M'hand le chacal,2
Miam les amis,29
"Miam, drôle de recettes",36
"Micelle, le ver de terre allergique",36
"Michel, le mouton qui n'avait pas de chance",19
Migrants,8
Mille ans de contes (Classique),14
Mille ans de contes (Mer),44
Mille ans de frissons,29
Mille milliards de pirates,49
Mille secrets de poussins,11
Milléclat dorée (la),45
Mille-pattes (le),48
Mimi commande,50
Mineur et le boulanger (le),32
Mini encyclopédie des contraires,35
Mini encyclopédie des émotions,41
Mini-contes pour enfants pointus,13
Mini-guide pour mini-lecteurs,28
Minuscules (les),46
Minute papillon,25
Miroir de l'eau (le),43
Miss Carabis Carabosse soldat,12
Miss Cocotte,46
"Missak, l'enfant de l'Affiche rouge",31
Mister Black,45
Misto tiempo,33
"Mitsu, unjour parfait",24
Mô et le Maître du temps,16
Moi devant,28
Moi Dieu Merci qui vis ici,37
Moi et Mon Chat,29
Moi et rien,48
Moi et toi,28
"Moi Félix, 10 ans, sans papiers",26
"Moi j'adore, Maman aussi",27
"Moi je déteste, maman adore!",18
Moi le loup et les chocos,22
"Moi pas, moi aussi",8
"Moi, Albert, détestateur de livres",10
"Moi, j'adore la pluie !",5
"Moi, j'ai peur du loup",21
"Moi, j'attendais la pluie",41
"Moi, j'attends",29
"Moi, je boude",24
"Moi, je n'ai peur de rien",20
"Moi, je ne veux plus de bisous !",29
"Moi, ma grand-mère…",46
"Moi, Papa ours ?",42
Moindres petites choses (les),29
Moinillon et la Yama Ouba (le),17
Moitié de fève (la),43
Moka,42
Môme aux oiseaux (la),31
Momo,27
Mo-Mo,17
Mon ami,43
Mon ami invisible,32
Mon amour,20
Mon arbre,2
Mon arbre à secrets,2
Mon beau soleil,13
Mon bébé croco,25
Mon bel oranger,33
Mon bison,32
Mon chagrin,7
Mon chagrin,6
Mon chat le plus bête du monde,19
Mon chien,27
Mon cochon,35
Mon escargot domestique,15
Mon île,40
Mon jour de chance,6
Mon lion,23
Mon livre pop-up. Le jardin,6
Mon miel ma douceur,33
Mon papa,19
Mon papa et moi,18
Mon papa migrateur,12
Mon papa pirate,8
Mon papa roulait les R,47
Mon pépé,2
Mon petit bestiaire littéraire,6
Mon petit papa fait des cauchemars,34
Mon petit Picasso,23
Mon petit rat,39
"Mon premier tour du monde, l'atlas des 5-8 ans",31
Mon p'tit vieux,26
Mon pull,24
Mon pull panda,27
Mon tout petit,26
Monde de Kitty Crowther (le),31
Monde n'est jamais fini (le),34
Monde sans les enfants (le),46
Monde selon moi (le),37
Monsieur Chat !,6
Monsieur p'tit sou,25
Monstre (le),41
Monstre des toilettes (le),39
Monstre et le bébé (le),42
Monstre ne me mange pas,33
Monstre poilu (le),29
Monstres malades,11
Montres molles (les),1
Monture du roi-grenouille (la),5
Morphologie du conte,2
Mot mot (le),21
"Mot, je te vois",44
Motamots,8
Mots des mois (les),22
"Mots en bouche, mots sur la touche",48
Mots ont des visages (les),9
Mots peints (les),49
"Mots perdus, mots retrouvés",23
Mouche qui lit (la),34
Mouche qui pète (la),36
Moufle (la),6
Moufle (la),16
Moun,24
Mouton farceur (le),41
Mowgli,21
M'Toto,18
"Mu'allaga, un poème suspendu",22
Musiciens de Brême (les),32
Musiciens de Brême (les),49
Musiciens de la Nouvelle-Brême (les),14
Musiciens de la ville de Brême (les),32
Mystère,6
Mystère au palais,30
Mystère de la grande dune (le),24
Mystère de Lala Zoba,38
Mystérieux délits,48
Nacéo,39
"Nadine, enfant de Suisse",7
Naître au monde et à la culture,6
"Nasr Eddin Hodja, un drôle d'idiot",16
Nasreddine,40
Nasreddine Hodja,36
Naviguer dans les marges,7
Navratil,41
Ne laissez pas le pigeon conduire le bus !,12
"Ne m'appelez plus jamais ""mon petit lapin""",4
Neige,47
"Neige, le blanc et les couleurs",35
Nénègle sur la montagne,2
Neuf couleurs de la peur,2
Neuf reines (les),24
Neuvième métro (le),37
New York en pyjamarama,38
Ni poupées ni super-héros !,32
Nian le terrible,48
Nima et l'ogresse,48
Nimbo,41
Nioui et Ninon,45
Noël,11
Noël pour tous !,22
Noir (le),40
Noir sur blanc,22
"Noire comme le café, blanc comme la lune",15
Non,5
Non (le),11
"Non, j'irai pas !",23
"Non, non et non",13
Norig et l'or de l'île,11
Nos beaux doudous,33
N'oublie pas de te laver les dents !,48
"Nour, le moment venu",47
Nous avons rendez-vous,42
Nous avons rendez-vous,28
Nous les hommes !,33
"Nous, ce qu'on préfère…",20
Nouveau de la classe (le),3
Nouvelles à chute,2
Nouvelles histoires minute,31
Nouvelles re-vertes,48
Nsoko l'orphelin,1
Nuage (le),9
Nuage bleu (le),32
Nuit (la),38
Nuit de Berk (la),48
Nuit de la dernière lune (la),8
Nuit du Mélinos (la),45
Nuit du visiteur (la),14
Nuit tous les chats sont verts (la),32
"Nuit, on dort (la)",18
Nuno le petit roi,16
Occupé,11
Oceano,19
Ocre,21
Ode à un oignon,9
Odile ?,37
Œdipe l'enfant trouvé,20
Œil pour œil,49
Ogre (l'),48
Ogre Babborco (l'),32
Ogre et la chèvre (l'),37
Ogre gentleman (l'),29
Ogre gentleman (l'),29
Ogre qui avait peur des enfants (l'),50
"Ogre, le loup, la petite fille et le gâteau (l')",2
"Ogre, le loup, la petite fille et le gâteau (l')",41
Ogresse en pleurs (l'),5
Ogresse et les sept chevreaux (l'),38
Ogrionne (l'),21
Oh !,11
Oh !,42
Oh ! La belle lune !,26
Oh ! La vache,38
"Oh non, George !",31
Oiseau bleu (l'),8
Oiseau de feu (l'),47
Oiseau de Mona (l'),25
Oiseau de nulle part (l'),42
Oiseau de pluie (l'),17
Oiseau et la pièce d'or (l'),28
Oiseau-livre (l'),18
Oiseaux (les),50
Oiseaux (les),30
"Oiseaux ont des ailes, les enfants... (les)",1
Oizochat (l'),15
Okilélé,42
Olive et Léandre,21
Olivia,1
Ollie,8
Omelette au sucre (l'),50
"Omotou, guerrier masaï",28
On a volé le Nkoro-Nkoro,50
On a volé mon vélo,36
On déménage !,15
On dit,49
On lit trop dans ce pays,37
On me cache quelque chose,37
On ne lit pas tout seul,49
On ne peut pas,49
On n'est pas si différents,17
On peut se tromper,22
On se cache ?,16
On se retrouvera,31
Oncle éléphant,8
Onomatopée (l'),45
Opération farceuses,49
Orchestre recyclé (l'),14
Oreiller aux oiseaux (l'),8
Oscar fait un vœu,43
Oskar le coq,6
Otto,9
Ottoki,38
Où est le loup ?,28
Où est ma chaussure ?,38
Où est Papa ?,18
Où est Petit Tigre ?,28
Où est qui ?,10
"Où est Spot, mon petit chien ?",28
Où habite Mimi ?,9
Où je l'ai mis ?,38
Où li bou ni che ?,29
Où qu'on va après ?,16
Où qu'on va après ?,49
Où va l'eau ?,39
Où vont les heures de la nuit,9
Oubliés de l'étagère (les),18
Ouf !,26
Ouin-ouin chagrin,35
Oukélé la télé,19
Oulala !,17
"Oulàlà, c'est haut !",41
Ouragan (l'),2
Ours blanc a perdu sa culotte,10
"Ours brun, dis-moi...",27
"Ours brun, ours brun, dis-moi ce que tu vois ?",39
Ours et la lune (l'),50
Ours et le chat sauvage (l'),8
Ours qui lit,47
Ours qui n'était pas là (l'),18
Ours vagabond (l'),10
Ourse (l'),39
Ourson et la ville,31
Ouste !,23
Ouvre ce petit livre,44
Ouvre l'œil !,3
Oxiseau,4
Pablo,38
Pablo de La Courneuve,31
"Pablo, enfant du Guatemala",49
Pacha qui s'ennuyait (le),24
"Pain, beurre et chocolat",20
Paloma et le vaste monde,43
Palomino,15
Panique à Paris,38
Panique au village des crottes de nez !,13
Panique dans la mythologie,44
Papa !,45
Papa à grands pas,26
Papa et maman m'ont dit,1
Papa exagère,42
Papa Loup,25
Papa maman bébé,21
Papa n'a pas le temps,40
Papa qui avait dix enfants (le),10
Papaski,16
Parapluie de Madame Hô (Le),41
Parcours de Paulo le petit spermatozoïde (le),14
Parfois,31
Parfois je me sens…,27
"Parfois, j'ai envie…",6
Paris en pyjamarama,34
"Parle-moi, petit chat !",30
Paroles de résistances,19
Parti,36
Partir,18
Pas,10
Pas de baiser pour Maman,28
Pas de loup,49
Pas de whisky pour Méphisto,44
Pas le temps,23
Pas question !,40
"Pas si bêtes, les animaux",7
Passages,20
Passion et Patience,17
"Patachon, le mille-pattes désordonné",3
Patate,36
Patates,4
Patatras,40
Patience mon ange,32
Patron et employé,28
Paul Fort (le),5
Pauvre Verdurette,2
Pauvreté à l'œuvre (la),23
Pawana,28
Paysajeux,11
Pêche à la baleine (la),11
Pêche à la marmite (la),12
Pêche à la sirène (la),6
Peintre et les cygnes sauvages (le),33
Peintures pressées,6
Pélagie la sorcière,4
Pélican (le),3
Pendant que le loup n'y est pas,43
Pénélope et la poule de Pâques,47
Perceval ou le Conte du Graal,24
Perdrix (les),27
Père Noël (Histoires à raconter…),30
Père Noël et les fourmis (le),6
"Père Noël, es-tu là ?",28
Père Tire-Bras,47
Péric et Pac,8
Périgord noir,38
"Perruche, l'iroko et le chasseur (la)",15
Persée et Méduse,5
Pestacle (le),19
Pestoune des Pyrénées,34
"Peter, le chat debout",36
Petit à petit,25
Petit Aigle,9
Petit amour,6
Petit ange,31
Petit arbre qui chantait (le),13
Petit bleu et Petit jaune,40
Petit bonheur,41
Petit bout de bois,24
Petit Caillou,27
Petit Cépou (le),5
Petit chacal et le crocodile (le),41
Petit chaperon chinois (le),40
Petit chaperon rouge (le),50
Petit chaperon rouge (le),34
Petit Chaperon rouge a des soucis (le),23
Petit cheval (le),45
Petit Chien,34
Petit curieux (le),29
Petit déjeuner de la famille souris (le),27
Petit Dino veut tout faire tout seul,6
Petit éléphant a un ami,5
Petit fiston,11
Petit frère (le),42
"Petit frère, petite sœur, mode d'emploi",27
Petit garçon qui avait envie d'espace (le),33
Petit grand Boubo,9
Petit Guili (le),38
Petit Hippopotamtam,18
"Petit homme qui monte, qui monte...(le)",32
Petit lapin de Noël (le),7
Petit Léonard de Vinci (le),9
Petit Marcel Proust (le),16
Petit musée,38
Petit musée du bleu (le),18
Petit Napperon rouge (le),17
Petit nuage,11
Petit Om,32
Petit ou grand ?,21
Petit ouistiti,22
Petit pêcheur et le squelette (le),41
Petit point,38
Petit poisson blanc,3
Petit poisson blanc devient grand,8
Petit poisson de rien du tout,44
Petit Poucet (le),23
Petit Poucet (le),13
Petit prince (le),49
Petit Questionneur (le),30
Petit roi des fleurs (le),42
Petit sanglier apprivoisé,26
Petit singe (le),15
Petit soleil,22
Petit sorcier de la pluie (le),29
Petit souci (le),29
Petit tigre (le),34
Petit trou dans une pomme (le),11
Petit voleur (le),14
Petit voleur (le),31
Petit-Bleu et Petit-Jaune,36
Petite anthologie de la science-fiction,49
Petite anthologie du policier,36
Petite Baleine,11
Petite Beauté,38
Petite bête qui monte (la),30
Petite casserole d'Anatole (l'),12
Petite enfance et cultures en mouvement,23
Petite fille du livre (la),39
Petite fille du port de Chine (la),46
Petite fille et le loup,24
Petite fille et le loup,31
Petite Fourmi,5
Petite Frida,16
Petite grenouille qui avait mal... (la),24
Petite grenouille qui avait mal... (la),24
Petite lune,25
"Petite main, petit pouce",28
Petite maison de bois (la),49
Petite mare du grand crocodile (la),29
Petite mauvaise humeur (la),16
Petite musique du Jour,37
Petite poule qui voulait voir la mer (la),5
Petite poule qui voulait voir la mer (la),24
Petite poule rousse (la),36
Petite poule rousse (la),43
Petite poule rousse (la),2
Petite poule rousse (la),24
Petite poule rousse (la),19
Petite Poule Rousse et Ruse Renard Roux (la),11
Petite princesse nulle (la),39
Petite Sirène (la),31
Petite sœur,28
"Petite souris, la fraise... (la)",18
Petite tache,8
Petite taupe qui n'osait pas sortir (la),6
"Petite truie, le vélo et la lune (la)",38
Petites affaires de Marie-Louise (les),33
Petites comptines à mimer,35
Petites comptines des animaux,36
Petites émotions (les),39
Petites histoires pour les enfants qui…,26
Petites malices de Nasreddine (les),5
Petit-gris,40
Petit-Ours en visite,25
Petits bleus au cœur (les),7
Petits chaperons loups,15
Petits haïkus des saisons,42
Petits malheurs (les),47
Petits nuages (les),18
Petits pains au nuage (les),41
Petits poèmes en rang par trois,30
Petits points rouges,22
Petits poissons (les),34
Petits poissons dans l'eau (les),49
Petits poissons dans l'eau (les),50
Petits riens (les),21
Petits tigres,10
Pétronille et ses 120 petits,13
Peur de rien,39
Peut-être que le monde…,38
Pfff...,49
"Phantoum, l'éléphanteau encombré de sa trompe",33
Philipok,10
Philofables pour vivre ensemble,42
Photo qui tue (la),20
Piano des bois (le),3
Picasso,42
Picoti... tous partis ?,16
Pied à l'encrier (le),43
Pieds nus,7
Pierre et la sorcière,14
Pierre n'a plus peur du noir,15
Pierre qui roule n'amasse pas mahousse,33
Pierrot le moineau,13
Pieuvre bricole (la),32
Pilleurs de cèdres (les),26
Pilotin,37
Pince mi le petit crabe,2
Pinceau magique (le),19
"Pincemi, Pincemoi et la sorcière",24
Pingouin glacé,34
Pingouin qui avait froid (le),30
Pique nique de la famille Souris (le),30
Pique nique des ours (le),48
"Pique, Gratte et Grogne",31
Pirate de cœur (le),7
Pirates des sept mers,43
Pirates en vue !,31
Pire anniversaire de ma vie (le),26
Pire livre pour apprendre le dessin (le),43
Pire livre pour apprendre le pot (le),1
"Pirouette, cacahouette",31
Piscine (la),41
Pistolet d'Odilon (le),37
Pitchou,2
Planète bizarre,43
Plein soleil,15
Pleine lune,26
Pleine mer,37
Pleine nuit,35
Plic ploc banquise,2
Plouf !,17
Plume,6
Plus affreuse des sorcières (la),29
Plus beau des cadeaux (le),21
Plus beau des trésors (le),28
Plus beaux contes de conteurs (les),2
Plus beaux contes de Toboggan (les),20
Plus belle crotte du monde (la),8
Plus belle maman du monde (la),34
Plus grand détective du monde (le),50
Plus gros cadeau du monde (le),17
Poches pleines de mots (les),35
Podlapin,7
Poèmes,11
Poèmes,36
Poèmes,43
Poèmes à poils et à plumes,5
Poèmes à rire et à jouer,8
Poèmes ont des oreilles (les),1
Poèmes pour affronter le beau temps,38
Poèmes pour grandir,36
Poèmes sans queue ni tête,21
Poèmes sur un fil,42
Poésie (la),16
Poésie africaine (la),24
Poésie algérienne (la),26
Poésie arabo-andalouse,6
Poésie entrée libre,21
Poésie et humour,28
"Poils, plumes et mots",25
Poisson bleu de Monsieur Chagall… (le),5
Poisson chat,46
Poisson et chat,24
Poka et Mine. Les nouvelles ailes,50
Poly la futée et cet imbécile de loup,5
Pomelo et l'incroyable trésor,19
Pomelo grandit,38
Pomelo se demande,7
Pomme de reinette et pomme d'api,42
Pomme et le papillon (la),20
Pomme pomme pomme,34
Pomme rouge (la),18
Pompon du lapin (le),25
Pompon Ours dans les bois,17
Ponti foulbazar,22
Pop-up à la ferme,27
Pop-up pin pon,35
Popville,24
Porculus,49
Porte (la),24
Potager d'Alena (le),50
Potins du potager (les),46
Pou et la puce (le),26
Poucette,7
Pouet Pouet,42
Poule bleue,46
Poule qui pond des patates (la),14
Poules et poulets,47
Poulette douillette,50
Poulou et Sébastien,26
Poupée de Ting-Ting (la),16
Pou-poule,22
Pour dormir,23
Pour être un grand méchant loup,42
Pour jouer avec la langue,9
Pour que le soir te prenne par la main,44
Pour une mouche,46
Pourquoâaa,42
Pourquoi ?,36
Pourquoi ? Parce que je t'aime,36
Pourquoi ça n'avance pas ?,30
"Pourquoi écrire, illustrer pour la jeunesse ?",17
Pourquoi le rossignol chante la nuit,26
Pourquoi le tigre ne grimpe pas aux arbres,14
Pourquoi l'éléphant a une trompe,22
Pourquoi les animaux ont-ils une queue ?,25
Pourquoi les libellules ont le corps si long,6
Pourquoi les zèbres sont-ils en pyjama ?,26
Pousse-Poussette,49
Poussez pas,50
Poussin,34
Poussin et le chat (le),14
Pouvoir des contes (le),44
Prédateurs,19
"Premier arrivé, premier servi !",36
Premier livre d'or des poètes (le),39
Premier printemps,9
Première année sur la terre,41
Première fois que j'ai eu seize ans (la),6
Première fois que je suis née (la),3
Premiers poèmes pour toute ma vie,34
"Premiers récits, premières conquêtes",4
Prendre et donner,22
"Près des yeux, près du cœur",4
Président du monde (le),41
Pressé ? Pas si pressé !,28
"Pressé, pressée",35
Preuve par l'eau de vaisselle (la),22
Prince au petit pois (le),1
Prince bégayant (le),7
"Prince de naissance, attentif de nature",14
Prince Grenouille (le),41
Prince tigre (le),13
Princesse au petit pois (la),28
Princesse au petit pois (la),24
Princesse caca,20
Princesse charmante,15
Princesse des Ménines (la),34
Princesse Grenouille (la),42
"Princesse, le dragon et le chevalier intrépide (la)",34
Princesses oubliées ou inconnues,6
Problème quand on est un renard (le),28
Promenade au bord de l'eau,9
Promenade de Petit Bonhomme (la),33
Promenade des canards (la),27
Promenade en forêt (Yok-Yok),24
Promesse de l'ogre (la),31
Promesses,48
Prout de pompier,24
Provision de bisous de Zou (la),7
Psychanalyse des contes de fées,28
P'tit Biscuit,41
P'tit bonhomme des bois (le),12
P'tit bossu qui en avait plein l'dos (le),1
P'tit Quinquin (le),43
P'tites bêtes (les),45
P'tits mecs (les),34
Purée de cochons,31
Quand je ne savais pas écrire,20
Quand je serai grand,48
"Quand je serai grand, je serai le Père Noël",9
Quand je serai grand…,28
Quand j'étais petit,26
Quand le monde était jeune,26
Quand les grands se fâchent,11
Quand les livres relient,35
Quand les poètes s'amusent,34
Quand les poules auront des dents,49
Quand Maman avait mon âge,3
Quand nous aurons mangé la planète,31
Quand Papa avait mon âge,12
Quand tu es content...,48
Qu'apporte la littérature de jeunesse aux enfants ?,37
Quatre coqs coquets,7
Quatre histoires du Petit Chaperon rouge,8
Quatre loups (les),15
Quatre petits coins de rien du tout,18
Quatrième fille du Dr Klein (la),18
Que fais-tu Fantine ?,36
Que fait la lune la nuit,26
Que faites-vous avec ça ?,24
"Que faites-vous, cher ami ?",7
Que vois-tu ?,42
Quel bazar !,20
Quel cafouillage !,13
"Quel radis, dis donc !",25
Quelle est ma couleur ?,34
Quelle fête !,21
"Quelle heure est-il, madame Persil ?",39
Quelle panique!,31
Quelles couleurs !,24
Quelque chose de plus terrible encore,14
Questions de Célestine (les),43
Qui a croqué mon goûter ?,7
Qui a fouillé chez les Wisigoths ?,14
Qui a mangé ?,5
Qui a mangé la petite bête ?,50
Qui a piqué les contrôles de Français ?,46
Qui a tué Minou-Bonbon ?,14
Qui a volé ma fusée ?,7
Qui a vu Mister Cat ?,10
"Qui de l'œuf, qui du poussin ?",25
Qui est-ce qui ?,46
"Qui es-tu, que fais-tu ?",49
Qui lit petit lit toute la vie,18
Qui ou quoi ?,7
Qui peut manger tout ça ?,40
Qui quoi quoi qui,31
Qui se cache là-dessous ?,12
Qui se cache sous les fleurs ?,2
Qui suis-je ?,20
Qui veut le cœur d'Artie Show ?,29
Qui voilà ?,28
"Qui, que, quand, quoi la poésie",2
Qu'y a-t-il dedans ?,14
"Rafara, un conte populaire africain",21
Ranelot et Bufolet,14
Raoul la Terreur,8
Raoul Taffin chasseur de mammouth,17
Rap des rats (le),21
"Raphaël, un enfant de France",46
Rat célibataire (le),48
Rat célibataire (le),45
Ratoncita que buscaba un marido (la),12
Raymond Queneau,26
Raymond rêve,50
Rébellion chez les crayons,49
Récits fabuleux de la mythologie,20
Rédaction (la),34
Réfrigogérateur (le),31
Refuge (le),8
Regarde !,9
Regarde dans la nuit,20
Regarde dans l'herbe,2
"Regarde, je vole !",39
Réglisse et Calisson,19
Reine des couleurs (la),23
Remarques,11
Remue-ménage chez Madame K,48
Renard et l'étoile (le),12
Rencontre (la),49
Rendez-moi mes poux !,40
Rendez-vous n'importe où,39
Rendez-vous sous la lune,2
Rends-moi mon nez !,14
René Char (le),34
Rentrée de la petite sorcière (la),46
Répétou (le),26
Réponds correctement !,43
Retour d'Archibald (le),25
Retour de Chapeau Rond Rouge (le),5
Retour de Papy Frioul (le),27
Revanche de Lili Prune (la),17
Rêve de Léon (le),40
Rêve de l'ours (le),34
Rêve de lune,10
Rêve d'Oscar (le),1
Réveillés les premiers !,33
Reviens !,23
Rien faire,19
Rimbaud : Choix de poèmes,39
Riquet à la loupe,22
Rire des baleines (le),30
Rire en poésie (Le),11
Robe rouge de Nonna (la),31
"Robert Desnos, un poète",7
Robots n'aiment pas l'eau (les),32
Rock star,24
Rodéo à Ascou,42
Roi Cheval (le),15
Roi de la Grande Savane (le),20
Roi des sables (le),33
Roi des trois Orients (Le),49
Roi du silence (le),35
Roi est occupé (le),43
"Roi, la poule et la terrible Mademoiselle Chardon (le)",19
Roi-grenouille ou Henri-le-Ferré (le),14
Roméo et Juliette,41
Roméo et Juliette,26
Rond rouge,2
Rondeaux,38
Ronds ronds,25
Rose bonbon,36
Rose cochon,2
Rosie Pink,1
Rouge !,9
Rouge da ns la ville,14
Rouge jaune noire blanche,41
Rouge Matou,20
Rouge-Gorge,47
Rouges et les noirs (les),20
Roulé le loup !,1
Roule ma poule,8
Roule ma poule,27
"Roulis, rouleaux",16
Route 66,5
Royaume de minuit (le),23
Ruban (le),30
Ruby tête haute,46
Rue qui ne se traverse pas (la),14
Rufus,8
Sa majesté la maîtresse,46
Sables émouvants,25
Sacrées sorcières,15
Sages Apalants (les),48
"Sagesses et malices de Nasreddine, le fou qui était sage",23
Saisons,40
Saisons d'Issa,29
Sale gamin,26
"Sale gosse, ou l'incroyable histoire…",20
Salem et le sorcier,31
Salut,5
Sandwich de mammouth (le),12
"Sanji, le voleur d'odeurs",28
Sann,18
Sans début ni fin,46
Sans frontières fixes,25
Sans le A,25
Sans titre,21
Santa Fruta,12
Sara et le clown,44
Sassou,38
Saucisse de Cornichou (la),35
Saumone,17
Saute,19
Sauvage,3
Sauve qui poule,38
"Sauve-toi, Elie",26
Scènes de crime,29
Schmat doudou (le),8
Science en poésie (la),43
Scritch scratch dip clapote,26
Secret (le),37
Secret (le),37
Secret de Kasimo (le),1
Secret du chat (le),26
Secret du Rocher Noir (le),7
Seize nouvelles,25
Sept chansons pour le hérisson (comptines),35
Sept histoires de souris,18
Sequoyah,27
Serpent de neige (le),8
Seul ensemble,49
Si la lune pouvait parler,40
Si le loup y était,43
Si tous les éléphants s'appelaient Bertrand,29
Si un jour,43
Silence complice,2
Silencio,36
Sin le veilleur,7
Sindbad le marin,49
Singe (le),13
Singe et le crocodile (le),3
Six milliards de visages,21
Sixième (la),16
Slip du cauchemar (le),44
Socrate,8
Soir de rage,42
Soleil oiseleur (le),35
Sophie la vache musicienne,19
Sorcier du fleuve (le),32
Sorcière Camomille à Paris (la),40
Sorcière de la rue Mouffetard (la),34
Sorcière qui rapetissait les enfants (la),7
SOS petit peureux,38
Soupe à la souris (la),20
Soupe au caillou (la),11
Soupe au caillou (la),13
Soupe aux cailloux (la),32
Sourate du taureau (la) ?,20
Source miraculeuse (la),18
Sourire de la montagne (le),34
Souris et le voleur (la),8
Souris qui cherchait un mari (la),28
Souris qui cherchait un mari (la),13
Souris qui cherche un ami (la),38
Souris qui sauva toute une montagne (la),17
Souris-moi !,23
Sous la lune poussent les haïkus,3
Sous le grand banian,41
Sous le toit de mes doigts,18
Sous un pyjama de lapin,25
Sous-marin de papier (le),9
Souvenirs de Paris,2
"Ssi j'te mords, t'es mort",21
Stylo à cancre (le),3
Suis-je… un chat ?,9
Suis-je… un escargot ?,9
Suis-je… une grenouille ?,9
Suis-je… une souris ?,23
S'unir c'est se mélanger,44
"S'unir, c'est se relayer !",23
Super 8,12
Super beige,11
Super Cagoule,13
Super loup,48
Super Niño,24
Super Papa,26
Super super gloupi,13
Superlapin,31
Sur le chantier,1
Sur le chemin,15
Sur le lit,22
"Sur le nez du chiot, une sauterelle…",20
Sur les genoux de maman,20
Sur les traces de Maman,45
Sur l'île des Zertes,44
Sur mon fil,45
"Sur un toit, un chat",38
Surprise (la),32
Surprise (la),28
Susie Morgenstern,50
Suzanne préfère le rouge,8
Suzie est la seule,2
Sylvain de Sylvanie,9
Ta Lou qui t'aime,43
Tableaux de Marcel (les),5
Taches du léopard (les),18
Takam Tikou,27
Tandem,35
Tangapico,2
Tani,26
Tante Amélie,9
Tardieu (le),14
T'as de beaux yeux !,13
Tas de riz tas de rats,31
Taupe (la),47
Taureau bleu (le),30
Taxi-brousse de Papa Diop (le),41
Teckel,4
Téléfon (le),33
Tempête (la),40
Terrible,9
Terriblement vert !,45
T'es fleur ou t'es chou ?,42
Tête à claques,18
Tête dans les étoiles (la),29
Tête dans les nuages (la),30
Tête dans les nuages (la),11
Tétine de Nina (la),20
Thésée,48
Thésée et le fil d'Ariane,7
Ti lapin le magicien,32
Ti Poucet,29
Tibert et Romuald,36
Ti-Cheval,41
Tico et les ailes d'or,35
Tiens !,10
Tigre qui s'invita pour le thé (le),39
Tihtiyas et Jean,27
Till l'espiègle et les tricheurs,19
Titi à Paris,46
Toc ! Toc ! Qui est là ?,32
"Toc, toc, Monsieur Croc !",49
"Toi grand, moi petit",43
Tomaso et les trois ogresses,13
Tomi Ungerer,22
Ton cauchemar,38
Ton histoire,26
Ton porc te ment tôt,30
Tonino l'invisible,14
Tony Tiny Boy,44
Top Model,16
Totale angoisse,18
Totoche,21
Toujours rien ?,24
Tour (la),17
Tour de France multicolore des contes,25
Tour de terre en poésie,37
Tour des vents (la),47
Tour du monde des contes (le),50
Tournée du Facteur Souris (la),48
Tourterelle de Youssef Yousfine (la),12
Tous les monstres ont peur du noir,26
Tous les petits,23
Tous pressés,12
Tous sauf un,21
Tous ses petits canards,7
Tout au fond,49
Tout ce qu'il faut savoir sur les méchants,2
Tout change,50
Tout doux,25
Tout d'un loup,10
Tout en haut,34
Tout est calme,28
Tout neuf !,3
Tout petit (le),2
Tout petit os (le),3
Tout petit très grand,5
Tout petit tu lis,11
Tout petit tu lis N°6,31
Tout pour ma pomme,43
Tout un monde,45
Tout un tas de loups,22
Tout va très bien madame la Marquise,21
Toute la lumière sur l'obscurité,31
Toute petite bonne femme (la),46
"Toute petite, petite bonne femme (la)",9
Toutes les couleurs,22
Toutes sortes de formes,22
Toutou dit tout,11
Tout-petits et les livres (les),42
"Tout-petits, le monde et les albums (les)",49
Tracas de Blaise (le),19
Train jaune (le),12
Trémolo,22
Trente Haïkus rouges ou bleus,25
Très petite Zébuline (la),40
"Très, très fort !",31
Trésors surprises,25
Tresse ou le voyage de Lalita (la),4
Triomphe du zéro (le),23
Tristan et Iseult,33
Trognon à l'école de la chair de trouille,18
Trois boucs (les),3
Trois brigands (les),37
Trois chats,46
Trois cochons (les),10
Trois contes de frissons,26
Trois courageux petits gorilles,13
Trois histoires folles de Monsieur Pol,12
Trois jours en plus,44
Trois loups (les),11
Trois ours (les),17
Trois petits brins d'herbe,36
Trois petits cochons (les),49
Trois petits morceaux de nuit,49
Trois petits pois,19
Trois petits pourceaux (les),10
Trois plumes (les),37
Trois questions (les),27
Trois sorcières,5
Trois vaillants petits déchets (les),32
Trou (le),50
Truc de fille ou truc de garçon ?,39
Tsin-Line,12
Tu fais quoi ?,7
Tu habites où ?,13
Tu lis déjà ? tu lis quoi ?,12
Tu m'aimes ou tu m'aimes pas ?,2
"Tu m'aimes, dis ?",4
Tu seras funambule comme papa !,34
Tu seras ma princesse,14
Tu t'appelles qui ?,23
Tu te crois le lion ?,34
Tu verras quand tu seras grand,4
Tu voyages comment ?,38
Tunnel (le),37
Tyranno petite sœur,17
Ulysse aux mille ruses,10
Un ami rien qu'à moi,42
Un ami très cool,10
Un amour de poule,44
"Un arbre, une histoire",39
Un beau livre,26
Un bébé ? Quel cadeau !,44
Un bébé ? quelle drôle d'idée,11
"Un bébé, un livre, une voix",39
Un bisou pour…,13
Un boeuf de Chine,43
Un bon fermier,3
Un bon petit loup,9
Un bon tour de Renart,12
Un câlin,40
Un chat dans la nuit,1
Un chat est un chat,13
Un cœur qui bat,7
Un conte peut en cacher un autre,47
Un éléphant au paradis,6
Un éléphant et autres animaux de compagnie,47
Un éléphant qui…,4
Un éléphant sur une balançoire,36
Un et sept,37
Un figuier venu d'ailleurs,16
Un flocon d'amour,42
Un fruit rouge,1
Un gâteau au goûter,1
"Un gorille, un livre à compter",27
Un goûter au Mont Fuji,19
Un grand cerf,9
Un grand jour de rien,15
Un homme sans manteau,44
Un jardin sur le bout de la langue,27
Un jour mon prince viendra,8
Un jour un loup,24
"Un jour, deux ours",2
"Un jour, je serai une grande sorcière",47
Un lion à Paris,25
Un livre,13
"Un livre, et plus encore...",35
Un loup au Paradis,35
Un loup génial,44
Un monde à tomber par terre,36
Un monde de cochons,48
Un monde en couleurs,1
Un ours dans la bergerie,18
"Un ours, des ours",4
Un papa à domicile,14
Un papa sur mesure,13
Un petit bois mystérieux,48
Un petit bouquet de poèmes,47
Un petit bouquet de poèmes,5
Un petit frère pour Nina,27
Un peu perdu,45
Un poème pour vivre,33
Un poisson d'Avril,24
Un poisson est un poisson,46
Un poulailler dans les étoiles,22
Un pull pour te protéger,47
Un rêve sans faim,32
Un secret tout rond,2
Un sommeil agité,43
Un tableau trop bavard,25
Un tour de cochons,34
Un train passe,32
Un truc sur un machin,35
Un vrai livre,42
"Un, deux, pois.",13
"Un, deux, trois… la grenouille c'est moi",24
Une affreuse rage de dents,34
Une autre histoire,5
Une aventure de Violette Mirgue,1
Une baignoire bien remplie,2
Une baleine dans mon jardin,17
"Une baleine, deux b., trois b., six cachalots",4
Une belle journée,16
Une chanson d'ours,7
Une enfance au pays des livres,34
Une et l'autre (l'),1
Une farce,15
"Une feuille, un arbre",24
Une fois encore !,18
Une histoire à grosse voix,48
Une histoire à quatre voix,31
Une histoire de caméléon,38
Une histoire de vampire,23
Une histoire grande comme la main,7
"Une histoire pas terrible, terrible",31
"Une histoire sombre, très sombre",44
Une journée avec Mireille,44
Une journée chez bébé,23
Une maison à hanter,42
Une noce chez les lapins,43
Une nuit où je me sentais seule,21
"Une nuit, un chat",40
Une petite oie pas si bête,35
Une pluie de poésie,25
Une poule sur un mur,16
Une princesse au palais,9
Une soupe au caillou,45
Une souris verte,14
Une souris verte dans l'herbe,7
Une super histoire de cow-boy,37
Une touche de couleurs,23
Une vache dans ma chambre,31
Une vie merveilleuse,44
Univers fascinant du Dominatus (l'),24
V comme Van Gogh,43
Vacances de Calamity Mamie (les),35
Vache orange (la),20
Vache qui Rit tire la langue… (la),15
Vache qui voulait éteindre la lune (la),20
Vaches de Noël (les),10
Vague (la),27
Valise (la),14
Vallée des merveilles (la),5
Vampire du C.D.I. (le),2
Van Gogh,43
Va-t'en guerre,14
"Va-t'en, grand monstre vert !",42
Vava Inouva,33
Vélo de Jo (le),9
Vélo rose (le),6
Vengeance de Cornebidouille (la),42
Vengeance de Germaine (la),14
Venture d'Isée (la),15
Verdurette cherche un abri,6
Vert secret,50
Vert tamanoir,43
Vèzmô La sorcière,17
Vide-grenier,15
Vie des cailloux (La),9
Vie des gens (la),20
Vie ne me fait pas peur (la),32
Vie qui déraille (la),26
Vie rêvée (la),25
Vie sexuelle des libellules (la),46
"Viens, on va chercher un poème",42
"Viens, on va chercher un poème",18
Vilain dessin,17
Vilain petit canard (le),1
Village aux mille roses (le),47
Ville abandonnée (la),44
Ville aux cent poèmes (la),34
Vingt poèmes au nez pointu,50
Violette dans le noir,15
Visite de petite mort (la),5
Vitamine P (la),41
"Vite, vite, chère Marie !",49
Vivement jeudi !,15
"Vogue, vogue mon bateau",31
Voilà le loup !,7
Voilà voilà,29
Voisin lit un livre (le),50
Voix d'or de l'Afrique (la),44
Voleur invisible (le),26
Voleuse !,24
Voyage à Poubelle-Plage,33
Voyage d'Anoki (le),35
Voyage d'Aquilon (le),1
Voyage de Couci-Couça (le),50
Voyage de l'âne (le),2
Voyage de l'ours Pompon (le),13
Voyage d'Oregon (le),2
Voyage du lièvre et du blaireau (le),45
Voyage en Amnésie,14
Voyage sur un nuage,47
Voyages merveilleux de Lilou la fée (les),47
Voyelles,26
Vues d'ici,24
Wahid,29
Where's Spot ?,42
Wizzil,17
Xavier-Laurent Petit,33
Y'a une pie dans l'poirier,24
Yakouba,5
Yasuke,3
Youpi ! Poésie !!,49
Yoyo. J'ai perdu mon doudou,24
Yoyo. Je m'appelle Yoyo,47
Yuki et les mille porteurs,23
Yuni et Amélie,40
"Yvain, le Chevalier au Lion",5
Zagazou,15
Zanimaux zétonnants (les),12
Ze vais te manzer,2
Zékéyé est tout petit,26
Zékéyé et le serpent python,9
"Zélig, grand explorateur",9
Zéro pour Zorro,47
Zigomar n'aime pas les légumes,37
Zoo,15
Zoo des couleurs (le),21
Zoo poétique (le),50
Zou,5
Zou n'a pas peur,21
Zutécrotte et autres monstres... (le),9